Control Name,English,Romanian
lblOppression,Oppression,Represiune
lblLifeUnder,Life Under Communism,Viața în Comunism 
lblCommunistTimeline,Communist Timeline,Evoluția Regimului Comunist
lblStories,Stories from Communism,Povești din Comunism
btnCredits,Credits,Resurse
lblThenAndNow,Then and Now,Atunci și Acum 
btnLanguage,,
lblWorkAnsPolLong,"One thing was certain with communism, you were guaranteed a job but “who knows where in the country? [For example] let’s presume you finished medicine. You became a young doctor, but who knows where in a little village in Romania."" - Museum Manager
Jobs were limited: army, engineer, doctor, professor, factory worker, or, if skilled, a sportsman. Family pressure pushed for jobs like lawyer, doctor, or pilot. Assignments were often far from home, in villages in the middle of nowhere, with no choice of the destination.","""Cine ştie unde în ţară te repartizau, dar tu aveai slujba. Să presupunem că ai terminat medicina. Ai devenit un doctor tânăr, dar cine știe unde într-un mic sat din România."" - Manager Muzeu
Accesul la locurile de muncă a fost limitat: militar, inginer, doctor, profesor, lucrător în fabrică sau, dacă este calificat, sportiv. Presiunea familiei era  pentru locuri de muncă precum avocat, medic sau pilot. Repartizările erau adesea departe de casă, în sate în mijlocul pustietății, fără posibilitatea de a alege destinația."
lblWorkAns,"One thing was certain with communism, you were guaranteed a job but “who knows where in the country? [For example] let’s presume you finished medicine. You became a young doctor, but who knows where in a little village in Romania."" - Museum Manager","""Cine ştie unde în ţară te repartizau, dar tu ai avut slujba. Să presupunem că ai terminat medicina. Ai devenit un doctor tânăr, dar cine știe unde într-un mic sat din România."" - Manager Muzeu"
lblWorkQ,What jobs were available?,Ce tipuri de locuri de muncă erau pe piață?
lblUniversityAnsPolLong,"""After finishing my studies, I would have been sent [by the state] to go as a teacher somewhere in the countryside [as it was mandatory].” - Journalist
University was mostly for students to obtain technical degress that would help in industrialization, construction, education, and health. After graduating, students were sent anywhere in the country where there was a need for 'repartisare.' University was especially attractive to young men because they could shorten their mandatory military service.","""După terminarea studiilor, eram trimis să merg ca profesor undeva în mediul rural prin repartizare guvernamentală."" - Jurnalist
Universitatea a fost o modalitate pentru studenți de se specializa în domenii precum industrializare, construcții, educație și sănătate. După absolvire, studenții au fost trimiși oriunde în țara pe baza principiului 'repartizării.' Universitatea a fost deosebit de atractivă pentru tineri, deoarece scurta  perioada serviciului militar obligatoriu."
lblUniversityAns,"""After finishing my studies, I would have been sent [by the state] to go as a teacher somewhere in the countryside [as it was mandatory].” - Journalist
","""După terminarea studiilor, eram trimis să merg ca profesor undeva în mediul rural prin repartizare guvernamentală."" - Jurnalist"
lblUniversityQ,Why did young people choose to go to university?,De ce alegeau tinerii să meargă la universitate? 
lblEmigrationAnsPolLong,"""One of [the Securitate] bosses got invited to a conference in West Germany and they selected me to be a translator... they were testing me. I then defected."" - Journalist
Emigration was nearly impossible and trying to escape the country was met with rejection, arrest, and imprisonment. You could only leave if you were a sportsman or had special permission. You were forced to provide information to the regime upon your return.
","""Am devenit foarte atrăgător pentru Securitate ca student vorbitor de limbă germană. Au avut nevoie de un traducător care să însoțească un tânăr secretar al comitetului central al tinerilor comuniști. Unul dintre șefii lor a fost invitat la o conferință în Germania de Vest și m-au selectat să fiu traducător.... de fapt era un test din partea lor. Apoi am dezertat."" - Jurnalist
Emigrarea a fost aproape imposibilă și încercarea de a scăpa din țară a fost întâmpinată cu respingere, arestare și închisoare. Puteai pleca doar dacă erai  sportiv sau exista o permisiune specială dată de Partid. La întoarcere erai forțat să furnizezi informaţii regimului."
lblEmigrationAns,"""One of [the Securitate] bosses got invited to a conference in West Germany and they selected me to be a translator... they were testing me. I then defected."" - Journalist","""Unul dintre șefii lor [ai Securității]  a fost invitat la o conferință în Germania de Vest și m-au selectat să fiu traducător.... de fapt era un test din partea lor. Apoi am dezertat."" - Jurnalist"
lblEmigrationQ,What was the consequence for illegal emigration?,Care a fost pedeapsa pentru încercarea de a părăsi România?
lblYouthOrgAnsPolLong,"""The fourth grade [Pioneers promoted the students from] the second grade [to become] Pioneers"" - Museum Manager
Pioneers are a ranking in schools from 2nd-8th grade, which was indicated by wearing a red scarf. Pioneers were young children being prepared for future membership in the Communist Party. They participated in party festivals and training programs. Many school children wished to become Pioneer status because it gave them more social power in school.","""În clasa a patra [pionierii  promovau elevii de clasa a doua [pentru a deveni] la rândul lor pionieri."" - Manager de muzeu
Pionierii constituie un detașament în cadrul școlilor gimnaziale, clasele a 2-a și a 8-a, care se definea  prin purtarea unei eșarfe roșii. Pionierii au fost copii mici pregătiți pentru viitoarea aderare la Partidul Comunist. Au participat la festivalurile şi programele de instruire ale partidului . Mulți studenți s-au străduit să obțină statutul de pionieri, deoarece le-a dat mai multă putere socială în școală."
lblYouthOrgAns,"""The fourth grade [Pioneers promoted the students from] the second grade [to become] Pioneers"" - Museum Manager","¨În clasa a patra [pionierii  promovau elevii de clasa a doua [pentru a deveni] la rândul lor pionieri."" - Manager de muzeu"
lblYouthOrgQ,What did being a pioneer in grade school mean?,Ce însemna să fii pionier?
lblDemonstrationAnsPolLong,"“You were not supposed to understand why, you were just obliged to do it. This way, they manipulated you to lose your inner self and become a part of collectivity.” - Museum Manager
Civilians were forced to attend Communist Party state festivities that promoted communist ideologies and praising Nicolae Ceaușescu. Consequences for not attending could include being fired from your job or invasive surveillance.","“Nu trebuia să  înțelegi de ce, erai doar obligat să o faci. În acest fel, erai manipulat să-ți pierzi sinele interior și să devii parte a colectivului.” - Museum Manager
Civilii au fost forțați să participe la festivitățile de stat ale Partidului Comunist care promovau ideologia comunistă și îl lăudau pe Nicolae Ceaușescu. Consecințele pentru a nu participa puteau varia de la concedierea de la locul de muncă sau intrai în colimatorul Securității"
lblDemonstrationQ,What were communist state festivities?,Care erau festivitățile de stat ale regimului comunist?
lblDemonstrationAns,"“You were not supposed to understand why, you were just obliged to do it. This way, they manipulated you to lose your inner self and become a part of collectivity.” - Museum Manager","“Nu trebuia să  înțelegi de ce, erai doar obligat să o faci. În acest fel, erai manipulat să-ți pierzi sinele interior și să devii parte a colectivului.” - Museum Manager"
lblMediaAnsPolLong,"""We didn't have TV, you know. It was only for two hours during the evening when the whole program was only about Ceaușescu. It was nothing else."" - Museum Director
Books, movies, and news were available but all were censored to control information and prevent criticism of the regime. The role of the media was to spread state propaganda, convincing people that Ceaușescu was a great leader and that life was better than it really was. Products forbidden by the state, especially music and literature, could only be found on the black market.","""Nu am avut TV, ştiţi. Erau doar două ore seara când tot programul era doar despre Ceauşescu. Nu era difuzat nimic altceva."" - Director de muzeu
Cărți, filme și știri au fost disponibile, dar toate cenzurate pentru a controla informațiile și pentru a preveni criticile la adresa regimului. Rolul televiziunii, al presei și radioului a fost de a răspândi propaganda de stat, convingând oamenii că Ceauşescu era un mare lider şi că viaţa era mai bună decât era în realitate. Produsele interzise de cenzură, în special literatura și muzica, au fost vândute pe piața negră."
lblMediaAns,"""We didn't have TV, you know. It was only for two hours during the evening when the whole program was only about Ceaușescu. It was nothing else."" - Museum Director","""Nu am avut TV, ştiţi. Erau doar două ore seara când tot programul era doar despre Ceauşescu. Nu era difuzat nimic altceva."" - Director de muzeu"
lblMediaQ,What type of media was available?,La ce tipuri de media exista acces? 
lblRationAnsPolLong,"""We have to deal with rations, because if we want to buy usual stuff like oil or gas or bread or meat or butter, we have to have the cards, the tickets for the rations."" - Museum Director
Rations = fixed amount of goods that citizens are allowed to consume in times of shortages. Rations were placed on basic necessities like food, cooking oil, soaps, gasoline, electricity, and heating.","""Trebuia să ne gestionăm raţiile de hrană alocate de stat, pentru că achiziția de lucruri obişnuite, cum ar fi petrol sau gaz, pâine sau carne sau unt se baza întotdeauna pe cartele de hrană."" - Director Muzeu
Rație = cantitatea fixă de bunuri pe care cetățenii au voie să o consume în perioade de penurie. Rațiile au fost plasate pe necesități de bază, cum ar fi alimente, ulei de gătit, săpunuri, benzină, electricitate și încălzire."
lblRationAns,"""We have to deal with rations, because if we want to buy usual stuff like oil or gas or bread or meat or butter, we have to have the cards, the tickets for the rations."" - Museum Director","""Trebuia să ne gestionăm raţiile de hrană alocate de stat, pentru că achiziția de lucruri obişnuite, cum ar fi petrol sau gaz, pâine sau carne sau unt se baza întotdeauna pe cartele de hrană."" - Director Muzeu"
lblRationQ,What products were rationed?,Ce fel de produse erau supuse raționalizării?
lblChildhoodAnsPolLong,"""Parents fought to create some sense of normalcy in the midst of the disaster that was reality."" - School Teacher
Many children were protected from the harshness of life by their parents but some still knew that the propaganda was lies. Children had to do chores, wait in the ration queues, and do homework in the dark. But, they still had hobbies and played with their friends.","""Părinții s-au luptat pentru a crea un sentiment de normalitate în mijlocul dezastrului care a fost realitatea."" - Profesor de școală
Mulți copii au fost protejați de duritatea vieții de către părinții lor, dar unii știau că propaganda era minciună. Copiii trebuiau să facă activități de propagandă, să aștepte în cozile de rație și să-și facă temele în întuneric. "
lblChildhoodAns,"""Parents fought to create some sense of normalcy in the midst of the disaster that was reality."" - School Teacher","""Părinții s-au luptat pentru a crea un sentiment de normalitate în mijlocul dezastrului care a fost realitatea."" - Profesor de școală"
lblChildhoodQ,What was it like to be a child during this period?,Cum era să fii copil în comunism?
lblFoodAnsPolLong,"""Not because you didn't have money, but because you can not find other things."" - Museum Director
Food was scarce and there was no variety in stores. Basic necessities were rationed and of much worse quality compared to today. Queues to collect rations were long and often started in the very early morning. ","""Nu pentru că nu ai avut bani, ci pentru că nu poţi găsi alte lucruri."" - Director Muzeu
Mâncarea era insuficientă și nu exista varietate în magazine. Produsele de bază au fost raţionalizate şi de o calitate mult mai proastă în comparaţie cu cea de astăzi. Cozile pentru colectarea rațiilor erau  lungi și de multe ori începeau dimineața foarte devreme. "
lblFoodAns,"""Not because you didn't have money, but because you can not find other things."" - Museum Director","""Nu pentru că nu ai avut bani, ci pentru că nu poţi găsi alte lucruri."" - Director Muzeu"
lblFoodQ,How did people get food?,Cum își procurau oamenii hrana? 
lblSchoolAnsPolLong,"""We were like soldiers in school."" - Museum Manager
School was very strict. The party wanted to demonstrate how educated and proper its citizens were - kids were even required to write in ink in a calligraphy style. All classrooms had a portrait of Ceaușescu and students had to repeat chants about the Romanian Communist Party and how great Ceaușescu was every day. There were lessons about the communist ideology and students were punished for not being able to recite Ceaușescu's policies and speeches.","""Am fost ca soldații în școală."" - Manager de muzeu
Școala era foarte strictă. Partidul a vrut să demonstreze cât de educați și de integrabili erau cetățenii săi - copiii erau obligați să scrie cu cerneală, motivul ținea de dezvoltarea caligrafiei. Toate sălile de clasă aveau un portret al lui Ceauşescu, iar elevii trebuiau să fie îndoctrinați cu valorile Partidul Comunist Român şi despre cât de mărețe erau relizările lui Ceauşescu în fiecare zi. Erau și lecţii despre ideologia comunistă, iar elevii puteau fi pedepsiţi pentru că nu erua la zi cu  politicile şi discursurile lui Ceauşescu."
lblSchoolAns,"""We were like soldiers in school."" - Museum Manager","""Am fost ca soldații în școală."" - Manager de muzeu"
lblSchoolQ,What was school like?,Cum se învăța în comunism? 
lblDeportationAnsPolLong,"""In '51, just to have the image of the power of Securitate, one night in 18th of June '51 they deported about 44,000 people in a single night. I was only 3 months old.” - AFDPR Member
The Securitate forcefully relocated people that were perceived as dangerous to the Communist Party. The purpose of these camps was to re-educate these people and prevent uprisings. People were often falsely accused and relocated as a result. The conditions were rough and prisoners were rarely allowed to see thier families. ","'În '51, doar ca să vă faceți o imagine asupra puterii Securității, într-o singură noapte pe 18 iunie 1951 au deportat aproximativ 44000 de persoane într-o singură noapte. Eu aveam doar 3 luni.''
Securitatea a relocat cu forţa oameni care erau percepuţi ca periculoşi pentru Partidul Comunist. Scopul acestor tabere a fost de a reeduca aceste persoane și de a preveni revoltele. Oamenii au fost adesea acuzați în mod fals și relocați ca rezultat. Condițiile erau dure, iar prizonierilor li se permitea rareori să vadă familii mai înalte. "
lblDeportationQ,Who went to deportation camps?,Cine a fost deportat?
lblDeportationAns,"""Young people [who] wrote we want food, freedom on walls were seen as people who were dangerous to the regime and were [arrested]."" - Museographer ","""Tinerii [care] scriau că vrem mâncare, libertatea pe ziduri au fost văzuți ca un pericol pentru regim şi au fost [arestaţi]."" - Muzeograf "
lblPalaceAnsPolLong,"""The actual Romania didn't exist for me anymore. [Mainly] because the neighborhood where I lived, where I was born, my house, my street, my neighborhood was pulled down."" - Journalist
The Palace of Parliament was originally known as the House of the People when Ceauseșcu ordered for it's constrcution. Construction began in the 1980s, part of Ceauseșcu's goal to rebuild and mimic the capital city of North Korea. Seven square kilometers of neighborhoods were destroyed to make room for the House of the People. Part of the money for this project came for relief funds for earthquake victims and cost the country more than 3 billion Euros.","""România reală nu mai exista pentru mine. [În principal] pentru că întreg cartierul în care am locuit, unde m-am născut, casa mea, strada mea au fost demolate.""- Jurnalist
Palatul Parlamentului a fost inițial cunoscut sub numele de Casa Poporului atunci când Ceaușescu a ordonat construcția. Totul a început în anii 1980, parte a obiectivului lui Ceaușeșcu de a reconstrui și imita capitala Coreei de Nord. Șapte kilometri pătrați de cartiere au fost distruse pentru a face loc Casei Poporului. O parte din banii pentru acest proiect au venit prin fonduri de ajutorare pentru victimele cutremurului, iar costul final al proiectului de depășit 3 miliarde de euro."
lblPalaceQ,What did the House of the People Represent?,Pentru ce a fost construită Casa Poporului?
lblPalaceAns,"""The actual Romania didn't exist for me anymore. [Mainly] because the neighborhood where I lived, where I was born, my house, my street, my neighborhood was pulled down."" - Journalist","""România reală nu mai exista pentru mine. [În principal] pentru că întreg cartierul în care am locuit, unde m-am născut, casa mea, strada mea au fost demolate.""- Jurnalist"
lblFearAnsPolLong,"""We thought that our destiny was completely destroyed but we did not complain. Just fought."" - AFDPR Member
People living under communism felt a mix of fear, anger, frustration, and hopelessness. Fear came from constantly being watched and reported. Frustration came from extreme shortages and harsh rules. Deep inside, many people still held onto hope. They dreamed of freedom and a better life.","""Am crezut că destinul nostru a fost complet distrus, dar nu ne-am plâns. Am luptat."" - Membru AFDPR
Oamenii care sub comunism au simțit un amestec de frică, furie, frustrare și lipsă de speranță. Frica a venit pe fundalul de a fi urmărit și raportat în mod constant. Frustrarea s-a datorat  lipsurilor extreme și a regulilor dure. În adâncul sufletului, mulți oameni încă mai aveau speranță. Visau la libertate şi la o viaţă mai bună."
lblFearQ,What emotions did people feel while living under communism?,Care au fost principalele emoții trăite de oameni în comunism? 
lblFearAns,"""We thought that our destiny was completely destroyed but we did not complain. Just fought."" - AFDPR Member","""Am crezut că destinul nostru a fost complet distrus, dar nu ne-am plâns. Am luptat."" - Membru AFDPR"
lblReligionAnsPolLong,"""My father was a priest which was an unhealthy origin."" - History Teacher
Those who came from religious families were said to have unhealthy origins. Students that went to church on Sundays could be punished by their teachers and could prevent them from having other opportunities such as getting into a university.","""Tatăl meu a fost un preot cu origine nesănătoasă."" - Învățător de istorie
Cei care proveneau din familii religioase erau catalogați ca având origini nesănătoase. Elevii care mergeau la biserică duminica puteau fi pedepsiţi de profesorii lor şi puteau suferi consecințe mult mai ample, cum ar fi limitarea accesului la studii universitare."
lblReligionQ,How did people follow their faith?,Care era statutul religiei în comunism? 
lblReligionAns,"""My father was a priest which was an unhealthy origin."" - History Teacher","""Tatăl meu a fost un preot cu origine nesănătoasă."" - Învățător de istorie"
lblExportsAnsPolLong,"""The economy was going so badly due to Ceaușescu's poor leadership and idiotic investments in heavy industries… unsustainable, no raw materials, no energy, not enough of a work force."" - Activist
Romania exported a lot of products, especially during the 1980s, to pay off foreign debts. These exports included food like grains, meat, and oil, machinery, textiles, and cars. The state sent loads of resources to other countries while Romanians at home faced extreme shortages and empty shelves.","""Economia mergea atât de rău din cauza conducerii slabe a lui Ceauşescu şi a investiţiilor idioate în industriile grele, nesustenabile, fără materii prime, fără energie, fără suficientă forţă de muncă."" - Activist
România exporta produse în anii 80 pentru a plăti datoriile externe. Erau alimente precum cereale, carne și ulei, mașini, textile și utilaje. Statul a exportart resurse esențiale, în timp ce românii de acasă s-au confruntat cu lipsuri extreme și rafturi goale."
lblExportsQ,What Romanian products were exported?,Ce tipuri de produse românești erau exportate? 
lblExportsAns,"""The economy was going so badly due to Ceaușescu's poor leadership and idiotic investments in heavy industries… unsustainable, no raw materials, no energy, not enough of a work force."" - Activist","""Economia mergea atât de rău din cauza conducerii slabe a lui Ceauşescu şi a investiţiilor idioate în industriile grele, nesustenabile, fără materii prime, fără energie, fără suficientă forţă de muncă."" - Activist"
lblInfluenceAnsPolLong,"""The Romanian people were not allowed to cross the border. We were not allowed to read [foreign magazines]. We couldn't find them. We were not allowed to read the foreign newspapers."" - AFDPR Member
No relationships with foreigners were allowed unless they were reported and approved by the Communist Party. Romanians were harshly limited on places they could travel to and it was hard to obtain visas for travel. Contacting people in foreign countries, even family member, was harshly regulated. ","""Poporul român nu avea voie să treacă frontiera. Nu ni s-a permis să citim [reviste străine].Nu le-am putut găsi. Nu ni s-a permis să citim ziarele străine."" - Membru AFDPR
Nu erau fost permise relaţiile cu străinii decât dacă erau raportate şi aprobate de Partidul Comunist. Românii erau extrem de limitați în locurile în care puteau călători și era greu să obțină vize pentru călătorii. Contactarea persoanelor din țări străine, chiar și a membrilor de familie care locuiau în vest, a fost strict reglementată. "
lblInfluenceQ,How did Romanian's interact with people in foreign countries?,Cum interacționau românii cu cetățenii din țări străine?
lblInfluenceAns,"""The Romanian people were not allowed to cross the border. We were not allowed to read [foreign magazines]. We couldn't find them. We were not allowed to read the foreign newspapers."" - AFDPR Member","""Poporul român nu avea voie să treacă frontiera. Nu ni s-a permis să citim [reviste străine].Nu le-am putut găsi. Nu ni s-a permis să citim ziarele străine."" - Membru AFDPR"
lblPossesionsAnsPolLong,"""When the communists came, [citizens] had to give it away just like that. Everything that they had - cows, sheep, horses - it wasn't theirs. It was the government's."" - School Teacher
They were often confiscated, controlled, or heavily monitored. Items that the Securitate labeled as ""Western"" or anti-regime were destroyed or hidden. The state could seize property whenever they wanted and many people lived in fear of losing their belongings. This process was called ""collectivization"" and was a key part of Stalinism.","""Când au venit comuniştii, [cetăţenii] au trebuit să renunţe la proprietățile lor pur și simplu. Tot ce aveau - vaci, oi, cai - nu era al lor. A devenit proprietatea statului."" - Profesor de școală
Averile au fost confiscate, controlate și monitorizate de guvern. Bunuri pe care Securitatea le putea eticheta ca ""occidentale"" sau anti-regim au fost distruse sau ascunse. Statul putea să confiște bunurile private fără notificare, astfel că mulți cetățeni trăiau cu teama de a-și pierde bunurile. Acest proces a fost numit ""colectivizare"" și a fost o parte esențială a instaurării regimului comunist de tip stalinist în România."
lblPossesionsQ,What happened to people's private posessions?,Ce s-a întâmplat cu proprietatea privata? 
lblPossesionsAns,"""When the communists came, [citizens] had to give it away just like that. Everything that they had - cows, sheep, horses - it wasn't theirs. It was the government's."" - School Teacher","""Când au venit comuniştii, [cetăţenii] au trebuit să renunţe la proprietățile lor pur și simplu. Tot ce aveau - vaci, oi, cai - nu era al lor. A devenit proprietatea statului."" - Profesor de școală"
lblLanguageAnsPolLong,"""Ceaușescu, RCP. Ceaușescu, RCP."" - Museum Manager
Party figures spoke in a rigid, artifical style like ""wooden language."" It was a soulless way of talking that erased people's thoughts and expression. Words became like weapons of control and submission.","""Ceauşescu, PCR. Ceauşescu, PCR."" - Manager Muzeu
Figurile de partid vorbeau într-un stil rigid, artifical definit ca ""limbajul de lemn."" A fost un mod de exprimare fără substanță, superficial care fost folosit cu precădere pentru a nivela gândurile și expresivitatea oamenilor. Cuvintele au devenit  arme folosite pentru a controla și supune liberul arbitru."
lblLanguageQ,How did politicians speak during the time?,Cum vorbeau politicienii în acea perioadă? 
lblLanguageAns,"""Ceaușescu, RCP. Ceaușescu, RCP."" - Museum Manager","""Ceauşescu, PCR. Ceauşescu, PCR."" - Manager Muzeu"
lblPropogandaAnsPolLong,"""The Securitate’s weapon was propaganda. The [former] Securitate are good at changing history even now, contributing to today’s nostalgia [to return to communism]."" - Activist
Propaganda = newspapers, TV, posters and pedagogy were used to manipulate the thinking and influence of people's speech, all with the stated purpose of maintaining population control. PAD controlled all information and media, thus nurturing the cult of personality for Ceausescu, hence promoting socialist ideals through propaganda. This department within the Securitate was responsible for limiting and controlling cultural diversity in Romania","""Arma Securității a fost propaganda. [fosta] Securitatea a fost abilă în a schimba narativul istoric, efectele se văd chiar şi acum, ceea ce contribuie la menținerea nostalgiei de astăzi [de a reveni la regimul comunism]."" - Activist
Propaganda = ziare, TV, postere și pedagogie utilizate pentru a manipula gândirea și influența vorbirea oamenilor, totul cu scopul declarat de a menține controlul populației. DPA controla toate informaţiile şi mass-media, hrănind astfel cultul personalității  pentru Ceauşescu, promovând astfel idealurile socialiste prin propagandă. Acest departament din cadrul Securității a fost responsabil de  limitarea  și controlarea diversității culturale în România. "
lblPropogandaQ,What was the role of the Securitate's Propaganda & Agitation Department (PAD)?,Departamentului de Agitație și Propanda din cadrul Securității?
lblPropogandaAns,"""The Securitate’s weapon was propaganda. The [former] Securitate are good at changing history even now, contributing to today’s nostalgia [to return to communism]."" - Activist","""Arma Securității a fost propaganda. [fosta] Securitatea a fost abilă în a schimba narativul istoric, efectele se văd chiar şi acum, ceea ce contribuie la menținerea nostalgiei de astăzi [de a reveni la regimul comunism]."" - Activist"
lblConsequencesAnsPolLong,"""Two other women were in the same cell, but not political prisoners, were there for “common” reasons. One was selling medicine illegally, and the other was doing illegal abortions."" - AFDPR Member
Political detainees were people that the Securitate perceived as being threats to the regime due to expressing any opposition to the state ideology. They faced imprisonment and after being freed, they were discriminated against, surveilled, and forced to take low end jobs. ","""Două alte femei se aflau în aceeaşi celulă, dar nu în calitate de deținuți politic, erau acolo din motive de infracțiuni de drept comun. Una vindea medicamente în mod ilegal, iar celălală făcea avorturi ilegale."" - Membru AFDPR
Deținuții politic erau persoane pe care Securitatea le percepea ca fiind amenințări la adresa regimului din cauza exprimării oricărei opoziții față de ideologia de stat. Ei s-au confruntat cu închisoarea și, după ce au fost eliberați, au fost discriminați, supravegheați și  forțați să-și ia locuri de muncă subcalificate și prost plătite. 

"
lblConsequencesQ,What happened to political detainees and their families?,Ce s-a întâmplat cu deținuții politic și familiile acestora? 
lblConsequencesAns,"""Two other women were in the same cell, but not political prisoners, were there for “common” reasons. One was selling medicine illegal, and the other was doing illegal abortions."" - AFDPR Member","""Două alte femei se aflau în aceeaşi celulă, dar nu în calitate de deținuți politic, erau acolo din motive de infracțiuni de drept comun. Una vindea medicamente în mod ilegal, iar celălală făcea avorturi ilegale."" - Membru AFDPR"
lblSecuritateAnsPolLong,"""I felt extremely cornered... The Securitate was testing me."" - Journalist.
The Securitate used informants as a form of spying on citizens, the role of snitches was to track people around, intercept correspondence and listen to phone calls. Any person, including a minor, could be forced to be a Securitate informant. If you were accepting to become an informer there were benefits such as food tickets, better jobs for you and your family.","""M-am simțit extrem de încolțit... Securitatea mă testa."" - Jurnalist.
Securitatea a folosit informatorii ca o formă de spionaj asupra cetățenilor, rolul turnătorilor era de a urmări oamenii din jur, a intercepta corespondența și asculta telefoanele. Orice persoană, inclusiv minoră, putea fi constrânsă să să fie informator al Securității. Dacă acceptai să devii informator existau beneficii cum ar fi bilete la alimente, locuri de muncă mai bune pentru tine și familia ta. "
lblSecuritateQ,What was the main tool of oppression?,Care a fost principalul mecanism de represiune? 
lblSecuritateAns,"""I felt extremely cornered… the Securitate were testing me."" - Journalist","M-am simțit extrem de încolțit... Securitatea mă testa."" - Jurnalist."
lblStopEngineersAnsPolLong,"“Four months after the earthquake [in 1977, my father, an engineer and hundreds others] were all called for a meeting with Ceauşescu [to discuss the structural rigidity of the buildings] - it was the first time my father saw him in person.  During this meeting, Ceauşescu told roughly 300 people in this meeting ‘Everybody stops [their plans to strengthen these damaged buildings], if you continue, I'll have police and prosecutors take care of you, they will arrest you, anyone who continues even inspecting more buildings will be arrested.’ my father made a note of many buildings that Securitate members lived that had been reinforced, or excepted from this order.” - Activist","""La patru luni după cutremurul din 1977, tatăl meu, inginer, împreună cu alte sute de persoane, au fost chemați la o întâlnire cu Ceaușescu pentru a discuta despre rigiditatea structurală a clădirilor – a fost prima dată când tatăl meu l-a văzut în persoană. În cadrul acestei întâlniri, Ceaușescu le-a spus celor aproximativ 300 de oameni prezenți: „Toată lumea oprește [planurile de consolidare a acestor clădiri avariate], dacă continuați, voi trimite poliția și procurorii după voi, veți fi arestați, oricine continuă, chiar și doar să inspecteze alte clădiri, va fi arestat.” Tatăl meu a notat multe clădiri în care locuiau membri ai Securității care fuseseră consolidate sau exceptate de la acest ordin.'' - Activist "
lblStopEngineersQ,"""If You Continue, You'll Be Arrested""","""Dacă veți continua vă vom aresta"""
lblStopEngineersAns,"""Four months after the earthquake [in 1977, my father, an engineer and hundreds others] were all called for a meeting with Ceaușescu…"" - Activist","""La patru luni dupa cutremur [in 1977] [Tatăl meu, inginer si alte sute] au fost chemați la o intâlnire cu Ceaușescu..."" - Activist"
lblCutPhoneLinesAnsPolLong,"""[The government] cut off our phone lines after my father was arrested, Securitate people were outside my house, they would follow me even just to buy bread. I would walk, and they would follow me by car, it was a measure of threat and intimidation. During that time, I could not speak with my sister from the home phone, so I would go to the post office and when I would go there, I would encounter the second investigator from the Securitate. They interrogated me too- and this guy, I would see him Oct-Nov 1985, and he would threaten me ‘again you? What are you doing here, watch out what you say.’ I would tell my sister, we would talk in code, she knew my father was arrested, she understood, he was sick, she would understand everything."" - Activist","""[Guvernul] ne-a tăiat liniile telefonice după ce tatăl meu a fost arestat, oamenii Securității erau în fața casei, mă urmăreau chiar și când cumpăram pâine. Mergeam şi mă urmăreau din maşină, era o modalitate de ameninţare şi intimidare. În acea perioadă, nu puteam vorbi cu sora mea de la telefonul de acasă, așa că mergeam la oficiul poștal și când mergeam acolo, mă întâlneam cu cel de-al doilea investigator de la Securitate. M-au interogat și pe mine - și pe tipul ăsta, l-am văzut între Oct-Nov 1985, și mă amenința mereu  ‘Tu din nou? Ce faci aici, ai grijă ce spui.’ Îi povesteam totul surorii mele, vorbeam în coduri, știa că tatăl meu a fost arestat, înțelegea, tatăl meu era bolnav, sora mea înțelegea totul."" - Activist"
lblCutPhoneLinesQ,Watch What You Say,Ai grijiă ce spui
lblCutPhoneLinesAns,"""[The government] cut off our phone lines after my father was arrested, Securitate people were outside my house, they would follow me even just to buy bread…"" - Activist","""[Guvernul] ne-a tăiat liniile telefonice după ce tatăl meu a fost arestat, oamenii Securității erau în fața casei, mă urmăreau chiar și când cumpăram pâine."" - Activist"
lblSwimmerKillerAnsPolLong,"""My father had a pipedream, an illusion, and we would joke on my escapades for the swim team I would bring back pieces of a gun and assemble it and kill Ceaușescu. It was a dark joke for us. Another dissident in the 80s- had the same plan as my father, to shoot Ceaușescu, and my father would say the same, he said ‘I shoot him, they catch and kill me, but I would rid 20 million people from this horrible fate.’"" - Activist","""Tatal meu avea un o idee utopică, o iluzie. Glumeam pornind de la turneele mele cu echipa de înot, urma să aduc inapoi acasă bucăți de arma și să le asamblăm ca să îl omorâm pe Ceaușescu. A fost o formă de umor negru pentru noi. Un alt disident, în anii '80,  avea același plan ca tatăl meu, să-l împuște pe Ceaușescu, iar tatăl meu spunea același lucru ‘îl împușc, mă prind și mă ucid, dar aș scăpa 20 de milioane de oameni de această soartă oribilă.’""  - Activist"
lblSwimmerKillerQ,My Father's Secret Plan,Planul secret al tatălui meu 
lblSwimmerKillerAns,"""My father had a pipedream, an illusion, and we would joke on my escapades for the swim team I would bring back pieces of a gun…"" - Activist","""Tatal meu avea un o idee utopică, o iluzie. Glumeam pornind de la turneele mele cu echipa de înot, urma să aduc inapoi acasă bucăți de arma și să le asamblăm."" - Activist"
lblJapaneseMachinesAnsPolLong,"""This Japanese guy [visited Bucharest on a business venture where he] brought some machines and tools that needed to be explained how to work; to supervise the workers in order for them to learn how to use them. He would say something at the end of the day, 'Sayonara' and something else in Japanese that no one understood and everyday would say the same thing until the contract expired, and what did he say every day? He would say 'Goodbye and I'm sorry I didn’t participate in your strike' - it was sympathetic, as the economy was going so badly, not only due to Ceaușescu's poor leadership and idiotic investments in heavy industries, [which was] unsustainable, [there were] no raw materials, no energy, not [a big] enough of work force, but people seeing that everything was so mismanaged and being so sick of the leadership and the system, they would not work hard. They would sit there and have coffees and cigarettes. My father and I worked hard."" - Activist","""Ei au adus în institut pe acest tip japonez, care a venit cu  niște mașini/unelte pentru care trebuia să facă un instructaj și să supravegheze lucrătorii pentru ca ei să învețe cum să le folosească corect. El spunea ceva la sfârşitul zilei, 'Sayonara' şi altceva neinteligibil în japoneză  în fiecare zi până la expirarea contractului. Ce a spus el în fiecare zi? Spunea: 'La revedere și îmi pare rău că nu am participat la greva voastră' - a fost simpatic, deoarece economia mergea atât de rău, nu numai din cauza conducerii slabe a lui Ceaușescu și a investițiilor idioate în industria grea, [care era] nesustenabilă, [nu exista] materie primă, energie, nu  era suficientă forță de muncă, iar  oamenii văzând că totul era atât de prost gestionat și fiind sătui de conducere și de sistem, nu munceau mai deloc. Stăteau acolo la cafea şi ţigări. Tatăl meu și cu mine am muncit din greu."" - Activist"
lblJapaneseMachinesQ,Ceaușescu's Idiotic Investments,Investițiile iresponsabile ale lui Ceaușescu
lblJapaneseMachinesAns,"""The economy was going so badly, not only due to Ceaușescu's poor leadership and idiotic investments in heavy industries,- unsustainable, no raw materials, no energy..."" - Activist","""Economia mergea atât de rău, nu numai din cauza conducerii slabe a lui Ceaușescu și a investițiilor idioate în industria grea, [care era] nesustenabilă, [nu exista] materie primă, energie"" - Activist"
lblCeausescuMailAnsPolLong,"""[As children,] we had this gap between what we had to say in public and what we were thinking about what is happening. We were very aware of this gap since a very young age, that in society, when we speak to our teachers, and even to our friends and other kids, we say some things, but when we are with our family, we can express the truth. A joke we knew was:
Ceaușescu goes to the post office, to see how [well] the postal stamp with his face on it is sold - if it sells well.
And the employee at the post office said 'it doesn't sell'.
'Why?'
'It doesn't stick to the envelope.'
Ceaușescu asks for a postal stamp. He spits on the back of the stamp and he said, 
'Look, it sticks.'
Well, but all the people spit on the other side"" - Museum Director","""[Copii fiind] am avut această dualitate între ceea ce aveam de spus în public și ceea ce gândeam referitor la ceea ce se întâmplă. Am fost foarte conștienți de această dualitate încă de la o vârstă fragedă, că în societate, atunci când vorbim cu profesorii noștri, și chiar cu prietenii noștri și alți copii, spunem unele lucruri, dar doar atunci când suntem cu familia noastră putem exprima adevărul. O glumă pe care o ştiam era:
Ceauşescu merge la poştă, să vadă cum se vinde timbrul poștal cu fața lui.
Iar angajatul de la oficiul poştal spune 'nu se vinde'.
'De ce?'
'Nu se lipeşte de plic.'
Ceauşescu cere un timbru. Scuipă pe spatele lui și spune 
'Uite, se lipește.'
'Ei bine, dar toţi oamenii scuipă pe cealaltă parte."" - Director de muzeu"
lblCeausescuMailQ,The Things We Couldn't Say,Lucrurile pe care nu le puteam spune
lblCeausescuMailAns,"""[As children,] we had this gap between what we had to say in public and what we were thinking about what is happening…"" - Museum Director","""[Copii fiind] am avut această dualitate între ceea ce aveam de spus în public și ceea ce gândeam referitor la ceea ce se întâmplă."" - Director de muzeu"
lblSchoolPropagandaAnsPolLong,"""We also had propaganda. We started our days in school singing the Romanian anthem/hymn. The anthem was a story about our country, how big and great it is, how rich it is, how happy we are, how happy our parents and grandparents are, how beautiful life is here. But not a word about the history."" - Museum Director","""Am avut și propagandă. Ne începeam ziua la școală cântând imnul. Imnul era o poveste  despre țara noastră, cât de mare și minunată este, cât de bogată este, cât de fericiți suntem, cât de fericiți sunt părinții și bunicii noștri, cât de frumoasă este viața aici. Dar nici un cuvânt despre istorie, doar propagandă."" - Director de muzeu"
lblSchoolPropagandaQ,A 'Beautiful Life',O viață ¨frumoasă¨ 
lblSchoolPropagandaAns,"""We also had propaganda. We started our days in school singing the Romanian anthem/hymn. The anthem was a story…"" - Museum Director","""Am avut și propagandă. Ne începeam ziua la școală cântând imnul. Imnul era o poveste..."" - Director de muzeu"
lblColdHandsAnsPolLong,"""I was going to college (in the 70s) and in class, we had to write with gloves and jackets on in the winter, it was extremely cold, no heating in the classroom. One of the little details, similar to home too, it was very cold. No hot water, but my father taught me how to take cold showers- I admired him for that. Transportation in Bucharest was terrible - people were trying to catch buses which were more and more rare, and they would try and hang on the doorways in very risky ways- climbing on top of one another, pretty ugly scenes."" - Activist","""Mergeam la facultate (în anii '70) și în clasă, trebuia să scriem cu mănuși și jachete în timpul iernii, era extrem de rece, fără încălzire în clasă. Unul dintre micile detalii, similar cu cel de acasă, era foarte frig. Fără apă caldă, dar tatăl meu m-a învățat cum să fac dușuri reci - l-am admirat pentru asta. Transportul în Bucureşti era teribil - oamenii încercau să prindă autobuze care erau din ce în ce mai rare şi încercau să stea pe uşi în moduri foarte riscante - urcând unul peste altul, scene destul de urâte."" - Activist"
lblColdHandsQ,The Cold We Lived In,Frigul în care trăiam
lblColdHandsAns,"""I was going to college (in the 70s) and in class, we had to write with gloves and jackets on in the winter, it was extremely cold…"" - Activist","""Mergeam la facultate (în anii '70) și în clasă, trebuia să scriem cu mănuși și jachete în timpul iernii, era extrem de rece..."" - Activist"
lblSoftTomatoAnsPolLong,"""When I was younger my mother [had] bread and she cut it in three pieces. The first one in the morning with a cup of tea, the middle one in the lunch with some soup, tomato soup, a very soft soup. And the third one with the dinner."" - AFDPR Member","""Când eram copil, mama mea tăia pâinea în trei bucăți. Prima dimineața cu o ceașcă de ceai, bucata de mijloc la prânz cu puțină supă de roșii, o supa foarte nesățioasă , iar ultima o serveam cu cina."" - Membru AFDPR"
lblSoftTomatoQ,One Slice at a Time,Câte o felie
lblSoftTomatoAns,"""When I was younger my mother cut bread and she cut it in three pieces…"" - AFDPR Member","""Când eram copil, mama mea tăia pâinea în trei bucăți.'' - Membru AFDPR"
lblDestinyAnsPolLong,"""Of course I was young and my memory is related to my faculty and it's okay because we were young. But, I was [always] thinking that my destiny was completely destroyed. And I remember after 1990 when we are discussing with the people and it was very common to discuss about that period. And I was not complaining. My style is not to complain, it's just to fight. But when we are discussing one of my friends is saying, 'Come on, why are you saying that it was bad?' 'Look, you are an engineer - this was done only with the support of communism. If you are not in the communism, who knows what you would be doing now?' And I said, 'No, I never asked the communists to prepare me as a human being. I can manage my life myself.' And I was never thinking that I would become an engineer. My dream was to be in my village and to manage the activity of my family. That was my destiny. Not to be an engineer and to be in this [higher] position in Bucharest to discuss about the policy of Romania and so on."" - AFDPR Member","""Bineînțeles că eram tânăr și memoria mea este legată de anii de studenție și este în regulă pentru că eram tineri. Dar, mă gândesc [mereu] că destinul meu a fost complet distrus. Şi îmi amintesc că după 1990, când discutăm cu oamenii şi era o obișnuință să discutăm despre trecutul recent imediat după revoluție. Nu mă plângeam. Stilul meu nu este să mă plâng, ci doar să lupt. Dar când în discuții apărea întrebarea  'Pe bune, de ce spui că a fost rău?' Uite, ești inginer - asta s-a făcut doar cu sprijinul comunismului. Dacă nu era comunismul, cine știe ce ai face acum?'  Eu le spuneam ', Nu, nu i-am rugat niciodată pe comunişti să mă pregătească ca fiinţă umană. Îmi pot gestiona viața singur. Nu m-am gândit niciodată că voi deveni inginer. Visul meu era să fiu în satul meu și să am propria familie acolo. Acesta ar fi fost destinul meu. Nu să fiu inginer în această poziţie [mai înaltă] la Bucureşti pentru a discuta despre politica României şi aşa mai departe."" - Membru AFDPR"
lblDestinyQ,I Could've Lived Another Life,Puteam să am o altfel de viață
lblDestinyAns,"""I was [always] thinking that my destiny was completely destroyed..."" - AFDPR Member","""Mă gândesc [mereu] că destinul meu a fost complet distrus..."" - Membru AFDPR"
lblTeacherBeatingAnsPolLong,"""My teacher in primary school from 1st-4th - she would beat us. Pulling our hair, hitting students’ head on the wall. I never told my parents. I realized it wasn’t okay when I grew up, [but back then] it was normal, somehow."" - School Teacher","""Profesoara mea din şcoala primară, de la clasa 1-a până în clasa a 4 4-a - ne bătea cu orice ocazie. Ne trăgea de păr, ne dădea cu capul de pereți. Nu le-am spus niciodată părinților mei. Mi-am dat seama că nu era bine abia când am crescut, [dar în vremea aia] era normal, cumva."" - Profesor de școală"
lblTeacherBeatingQ,Back Then at School,"Pe vremea aceea, la școală"
lblTeacherBeatingAns,"""My teacher in primary school  from 1st-4th - she would beat us…"" - School Teacher","""Profesoara mea din şcoala primară, de la clasa 1-a până în clasa a 4-a - ne bătea cu orice ocazie.'' - Profesor de școalǎ"
lblButterWhyAnsPolLong,"""My wife received four portions of butter because of our three kids, and the woman behind her, a colleague of mine didn't recognize my wife. And she said 'why are you giving so many packages!? - just one package, no matter how many children there are, we also want some packages!"" - AFDPR Member","""Soţia mea a primit patru porţii de unt fiindcă aveam trei copii, iar femeia din spatele ei, o colegă de-a mea, care nu a recunoscut-o pe soţia mea, a spus 'de ce dai atât de multe pachete!? - doar un singur pachet, indiferent câți copii are, vrem și noi pachetele noastre!"" - Membru AFDPR"
lblButterWhyQ,Just One Package!,Doar un singur pachet! 
lblButterWhyAns,"""Why are you giving so many packages!? - just one package, no matter how many children there are, we also want some packages…"" - AFDPR Member","""De ce dai atât de multe pachete!? - doar un singur pachet, indiferent câți copii are, vrem și noi pachetele noastre!"" - Membru AFDPR"
lblStolenHorseAnsPolLong,"""My grandparents lived in the countryside and had land. The communists took their land and my grandparents made sacrifices to buy it back from them. My grandparents had to give it away in a single day, everything they had, the cows, sheep, horses were not theirs, it belonged to the state and was no longer their property.
My grandparents had two horses - my grandfather loved them, and took care of them, and when he died in 1987, the communists came to the house and took the two horses, it was part of the family, but it wasn’t ours."" - School Teacher","""Bunicii mei erau la ţară şi aveau pământ. Comuniștii le-au luat pământul, iar bunicii au făcut sacrificii pentru a-l putea cumpăra înapoi de la stat. Ei au trebuit să dea într-o singură zi, tot ce aveau agonisit, vacile, oile, caii nu mai erau ale lor, de acum erau ale statului și nu mai era proprietatea lor.
Bunicii mei aveau doi cai - bunicul meu îi iubea și avea grijă de ei, iar când a murit în 1987, comuniștii au venit la casă și au luat cei doi cai, animalele acelea făceau parte din familie, dar brusc ne-au fost luate.'' - Profesor de școalǎ"
lblStolenHorseQ,Grandpa's Horses,Caii bunicului
lblStolenHorseAns,"""My grandparents were in the countryside and had land. The communists took their land and my grandparents made sacrifices to buy it back from them..."" - School Teacher","""Bunicii mei erau la ţară şi aveau pământ. Comuniștii le-au luat pământul, iar bunicii au făcut sacrificii pentru a-l putea cumpăra înapoi de la stat."" - Profesor de școalǎ"
lblHousePeopleAnsPolLong,"In the wake of a devastating 1977 earthquake, Ceaușescu seized the opportunity to destroy entire neighborhoods (more than 1450 ha) in Bucharest to create new Communist Party headquarters and housing for visiting diplomats and politicians. This headquarters, named the ""People's House"" was constructed on a hill and used roughly 30% of Romania's GDP and used up significant amounts of Romania's natural resources. The 12 story tall 'house' was lit up with ornate chandieliers despite light bulbs' scarcity. Due to the land the palace and the boulevard leading to it took, roughly 9,300 homes were demolished, leaving 50,000 families displaced and homeless. The building was constructed as the ""People's House"", but was renamed after the success of the revolution in 1989 as the ""Palace of Parliament"" as it is known today.","În urma cutremurului devastator din 1977, Ceaușescu a profitat de context pentru a iniția distrugerea  de cartiere întregi (peste 1450 hectare) din București pentru a crea un nou sediu al Partidului Comunist, alături de  locuințe pentru diplomați și politicieni. Acest sediu, numit ""Casa Poporului"", a fost construit pe un deal și a folosit aproximativ 30% din PIB-ul României, consumând cantități semnificative din resursele naturale ale României. 'Casa' de doar 12 etaje a fost luminată de candelabre luxoase într-o perioadă în care familiile puteau obține doar un singur bec pe lună. Planul de construcție viza dezvoltarea clădirii și a unui bulevard amplu ceea ce a condus la demolarea a aproximativ 9.300 de case, iar în plan social s-a tradus în  50.000 de familii strămutate și fără adăpost. Clădirea a fost construită sub denumirea de ""Casa Poporului"", dar a fost redenumită după Revoluției din 1989 drept ""Palatul Parlamentului"", așa cum este cunoscută astăzi."
lblHousePeopleQ,What was the People's House?,Ce a fost Casa Poporului? 
lblHousePeopleAns,"The People's House was constructed on a hill for which roughly 9,300 homes were demolished, leaving 50,000 families displaced and homeless.","Casa Poporului a fost construită în urma demolării abuzive a aproximativ 9.300 de case, lăsând 50.000 de familii strămutate și fără adăpost."
lblJulyAnsPolLong,"The July Theses were a set of ideas and rules announced by Nicolae Ceaușescu in July 1971 after he visited China and North Korea, two countries with very strict communist systems. He was impressed by how those countries governments controlled their people and wanted to bring similar ideas to Romania.
 The July Theses included:
* More censorship of books, newspapers, TV, and movies. 
* Less freedom of speech — people were not allowed to criticize the government.
* Tighter control over education — schools had to teach communist ideas and praise the Ceaușescu family.
* More political propaganda — the media had to constantly show support for the Communist Party.
* Increased focus on nationalism — teaching that Romania was great and strong because of its leaders.
* Restrictions on Western culture — music, clothes, and ideas from other countries were discouraged or banned.
The July Theses marked the start of a harsher, more repressive period in Romania. Ceaușescu wanted to control what people thought, said, and listened to. This shift made life even harder for many Romanians, especially for students, writers, and artists who wanted more freedom.","Tezele din iulie au fost un set de idei și reguli anunțate de Nicolae Ceaușescu în iulie 1971, după ce a vizitat China și Coreea de Nord, două țări cu sisteme comuniste foarte stricte. El a fost impresionat de modul în care guvernele acestor țări își controlau populația și a dorit să aducă idei similare în România.

Tezele din iulie includeau:
* Mai multă cenzură asupra cărților, ziarelor, televiziunii și filmelor.  
* Mai puțină libertate de exprimare — oamenii nu aveau voie să critice guvernul.  
* Control mai strict asupra educației — școlile trebuiau să predea ideologia comunistă și să laude familia Ceaușescu.  
* Mai multă propagandă politică — mass-media trebuia să arate constant sprijin pentru Partidul Comunist.  
* Un accent mai mare pe naționalism — promovarea ideii că România era puternică și măreață datorită conducătorilor săi.  
* Restricții asupra culturii occidentale — muzica, hainele și ideile din alte țări erau descurajate sau interzise.

Tezele din iulie au marcat începutul unei perioade mai dure și mai represive în România. Ceaușescu dorea să controleze ce gândeau, ce spuneau și ce ascultau oamenii. Această schimbare a făcut viața și mai dificilă pentru mulți români, în special pentru studenți, scriitori și artiști care își doreau mai multă libertate."
lblJulyQ,What did the July Theses entail?,Ce prevedeau Tezele din iulie?
lblJulyAns,"The July Theses were a set of ideas and rules announced by Nicolae Ceaușescu in July 1971 after he visited China and North Korea, two countries with very strict communist systems.","Tezele din iulie au fost un set de idei și reguli anunțate de Nicolae Ceaușescu în iulie 1971, după ce a vizitat China și Coreea de Nord, două țări cu sisteme comuniste foarte stricte."
lblWarsawAnsPolLong,"Romania joined the Warsaw Pact in 1955, as part of the bloc of states under the influence of the Soviet Union during the Cold War. Although Romania was officially a member of this military alliance dedicated to collective defense, its relationship with the organization was complex and nuanced.

Starting in the 1960s, under the leadership of President Nicolae Ceaușescu, Romania began to adopt a relatively independent foreign policy from Moscow. This trend toward autonomy was reflected in diplomatic and strategic decisions that sometimes went against the directions imposed by the Soviet bloc. A notable example was Romania’s refusal to participate in the 1968 invasion of Czechoslovakia, highlighting a more independent stance toward communist military policies.

Thus, although Romania benefited from the military and political support provided by the USSR through the Warsaw Pact, the country sought to maintain a certain level of autonomy in its external and internal decisions. After the fall of communist regimes and the dissolution of the pact, Romania shifted its foreign policy toward integration into Western structures, later joining NATO and the European Union.","România a aderat la Tratatul de la Varșovia în 1955, ca parte a blocului de state sub influența Uniunii Sovietice în contextul Războiului Rece. Deși, oficial, România făcea parte din această alianță militară dedicată apărării colective, relația sa cu organizația a fost unul complex și plin de nuanțe.
Începând cu anii ‘60, sub conducerea președintelui Nicolae Ceaușescu, România a început să adopte o politică externă relativ independentă față de Moscova. Acest curent de autonomie s-a manifestat prin decizii diplomatice și strategice care uneori contraveneau direcțiilor impuse de blocul sovietic. Un exemplu notabil a fost refuzul României de a participa la invazia Cehoslovaciei în 1968, evidențiind astfel o atitudine mai independentă față de politicile militare comuniste.
Astfel, deși România a beneficiat de sprijinul militar și politic oferit de URSS prin intermediul Tratatului de la Varșovia, statul român a încercat să-și păstreze o anumită autonomie în deciziile sale externe și interne. După căderea regimurilor comuniste și dezintegrarea pactului, România a orientat politica externă către integrarea în structurile occidentale, aderând ulterior la NATO și la Uniunea Europeană."
lblWarsawQ,What did the Warsaw Pact entail?,Ce a reprezentat Pactul de la Varșovia? 
lblWarsawAns,"The Warsaw Pact was a military alliance formed in 1955 between the Soviet Union and several Eastern European communist countries, meant to counter NATO and maintain control over the Eastern Bloc","Pactul de la Varșovia a fost o alianță militară formată în 1955 între Uniunea Sovietică și mai multe țări comuniste din Europa de Est, menită să contracareze NATO și să mențină controlul asupra Blocului de Est"
lblAnaAnsPolLong,"The Romanian Communist Party was founded on May 8th, 1921. After World War II, the party was influenced by the Soviet Union and its leader, Joseph Stalin. The communists slowly took control by using propaganda and taking advantage of other political parties’ weaknesses. Communism officially started in Romania in 1947, when King Michael I was forced to give up the throne and the country became a communist republic.
Ana Pauker was an intellectual and was the unofficial prime minister of Romania's communist party after WWII. She was a strong believer in Stalinist ideology, a totalitarian political regime lead by Joseph Stalin. The main policies of his regime were rapid induztrialization, cultural revolution, and a reorginization of agricultural output.
While she supported Stalinism, she did not believe in the reorganization of all industries for governmental control and did allow for emigration of the Jewish population - something not seen in other communist leaders at the time. Pauker was the first woman to hold such a position in the Communist Party. In 1952, she was ousted of her position by Gheorghe Gheorghiu-Dej and was placed under arrest as a result due to the political risk she posed to Gheorghiu-Dej.","Partidul Comunist din România a fost fondat pe 8 mai 1921. După al Doilea Război Mondial, partidul a fost influențat de Uniunea Sovietică și liderul său, Iosif Stalin. Comuniștii au preluat treptat controlul prin utilizarea propagandei și prin exploatarea slăbiciunilor altor partide politice. Comunismul a început oficial în România în 1947, când Regele Mihai I a fost forțat să abdică, iar țara a devenit o republică comunistă.

Ana Pauker a fost o intelectuală și a fost prim-ministru neoficial al Partidului Comunist din România după al Doilea Război Mondial. Ea era o susținătoare puternică a ideologiei staliniste, un regim politic totalitar condus de Iosif Stalin. Principalele politici ale regimului său erau industrializarea rapidă, revoluția culturală și reorganizarea producției agricole.

Deși susținea stalinismul, nu credea în reorganizarea tuturor industriilor pentru controlul guvernamental și permitea emigrarea populației evreiești – un lucru rar întâlnit la alți lideri comuniști din acea perioadă. Pauker a fost prima femeie care a ocupat o astfel de funcție în Partidul Comunist. În 1952, ea a fost destituită din funcție de Gheorghe Gheorghiu-Dej și a fost arestată ca urmare a riscului politic pe care îl reprezenta pentru Gheorghiu-Dej."
lblAnaQ,Who was Ana Pauker?,Cine a fost Ana Pauker? 
lblAnaAns,Communism started in Romania in 1947 with Ana Pauker as the unofficial leader of the party.,"Comunismul a început în România în 1947, cu Ana Pauker ca lider neoficial al partidului."
lblHowDidTheRegimeFall,How did the regime fall?,Cum a căzut regimul comunist? 
lblWhereCeausescuAnsPolLong,"From ""December 18th-20th, 1989, when people were dying in the streets of Timisoara, Nicolae Ceaușescu made his last visit abroad"" to Tehran, Iran (Betea, n.d.). The purpose of this trip was to help negotiate a deal on oil and wheat exports between Iran and Romania (Betea, n.d.). Notably, Elena Ceaușescu did not travel with him on this trip.","Între 18-20 decembrie 1989, când oamenii mureau pe străzile din Timișoara, Nicolae Ceaușescu a efectuat ultima sa vizită în străinătate, la Teheran, Iran (Betea, n.d.). Scopul acestei călătorii a fost de a ajuta la negocierea unui acord privind exporturile de petrol și grâu între Iran și România (Betea, n.d.). De remarcat este faptul că Elena Ceaușescu nu a călătorit cu el în această deplasare."
lblWhereCeausescuAns,"He was in Tehran, Iran. He was meeting with Iranian President Ali Akbar Hashemi to discuss increased oil and gas imports to Romania and exports of wheat to Iran.","Era la Teheran, Iran. Se întâlnea cu președintele iranian Ali Akbar Hashemi pentru a discuta despre creșterea importurilor de petrol și gaz în România și exporturile de grâu către Iran."
lblWhereCeausescuQ,Where was Nicolae Ceaușescu?,Unde era Ceaușescu? 
lblWhyRevoltAnsPolLong,"People revolted in December 1989 because they were fed up with years of extreme oppression, hardship, fear, and government control. Life under Nicolae Ceaușescu’s communist regime was extremely difficult —there were severe food shortages, electricity was limited, and personal freedoms did not exist. The Securitate kept people in constant fear, and anyone who spoke out could be arrested or worse.
What started as a peaceful protest quickly grew into a much larger movement as more and more people stood up against the regime’s cruelty and repression.
Years of anger and suffering finally boiled over, and the people demanded change, freedom, and an end to the dictatorship.","Oamenii s-au revoltat în decembrie 1989 deoarece erau sătui de ani de opresiune extremă, dificultăți, frică și control guvernamental. Viața sub regimul comunist al lui Nicolae Ceaușescu era extrem de dificilă — erau penurii severe de alimente, electricitatea era limitată și libertățile personale nu existau. Securitatea ținea oamenii într-o frică constantă, iar oricine îndrăznea să vorbească putea fi arestat sau chiar mai rău.  
Ceea ce a început ca un protest pașnic s-a transformat rapid într-o mișcare mult mai mare, pe măsură ce tot mai mulți oameni s-au ridicat împotriva cruzimii și represiunei regimului.  
Ani de furie și suferință s-au acumulat în final, iar oamenii au cerut schimbare, libertate și sfârșitul dictaturii."
lblWhyRevoltAns,"People revolted in December 1989 because they were fed up with years of extreme oppression, hardship, fear, and government control.","Oamenii s-au revoltat în decembrie 1989 deoarece erau sătui de ani de opresiune extremă, dificultăți, frică și control guvernamental."
lblWhyRevoltQ,Why did people revolt?,Care au fost motivele din spatele mișcărilor de revoltă? 
lblWhatWasRevolutionAnsPolLong,"The Revolution of 1989 was a major turning point in Romanian history. It began with protests in Timișoara, sparked by the government’s attempt to deport pastor László Tőkés. These protests quickly spread across the country, growing into a nationwide uprising against the brutal regime of Nicolae Ceaușescu. 
Over the course of a week, demonstrations turned violent as the Securitate tried to crush the revolt. Over 1,000 people were killed and thousands more were injured during the clashes. Eventually, the pressure became too much for the Securitate. Nicolae and Elena Ceaușescu were arrested, tried in a military court, and executed on December 25th, 1989. The revolution brought an end to decades of dictatorship and marked the beginning of Romania’s transition to democracy.","Revoluția din 1989 a fost un moment de cotitură major în istoria României. A început cu proteste la Timișoara, declanșate de tentativa guvernului de a-l deporta pe pastorul László Tőkés. Aceste proteste s-au răspândit rapid în întreaga țară, transformându-se într-o revoluție națională împotriva regimului brutal al lui Nicolae Ceaușescu.  
Pe parcursul unei săptămâni, demonstrațiile au devenit violente, pe măsură ce Securitatea a încercat să zdrobească revolta. Peste 1.000 de oameni au fost uciși și mii alții au fost răniți în timpul confruntărilor. În cele din urmă, presiunea a devenit prea mare pentru Securitate. Nicolae și Elena Ceaușescu au fost arestați, judecați într-un tribunal militar și executați pe 25 decembrie 1989. Revoluția a pus capăt decadelor de dictatură și a marcat începutul tranziției României către democrație."
lblWhatWasRevolutionAns,The Revolution of 1989 brought an end to decades of dictatorship and marked the beginning of Romania’s transition to democracy.,Revoluția a pus capăt decadelor de dictatură și a marcat începutul tranziției României către democrație.
lblWhatWasRevolutionQ,What was the Revolution of 1989?,Ce a fost Revoluția din decembrie 1989? 
lblCeausescusRise,Rise of Ceaușescus,Asecensiunea cuplului Ceaușescu
lblSoviet,Era of Sovietization,Perioada Sovietizării
lblNicolaeAnsPolLong,"Nicolae Ceaușescu was the leader of communist Romania in 1965-1989. At first he had a lot of support due to his public criticism of the Warsaw Pact invasion of Prague in 1968. This public reaction created the image of a dissident political leader within the satellite states, which generated the political and economic rise of Romania in relation to the Western states. However, over time, he became more authoritarian — he demanded total control and removed from party structures any voice opposing his ideas. Under the leadership of the Ceaușescu family, life became very difficult for citizens. There were severe shortages of food and energy, and people had almost no freedom of expression and did not benefit from basic human rights. A powerful secret police force called the Securitate spied on citizens, creating an atmosphere of fear and mistrust. Ceaușescu forced the country's development into huge construction projects, such as the People's House in Bucharest, which is one of the largest government buildings in the world. These projects cost billions of euros, impacting the citizens who endured mass shortages and hardships. Today, Ceaușescu is remembered as one of Eastern Europe’s most repressive and controlling dictators.","Nicolae Ceaușescu a fost liderul României comuniste în perioada 1965-1989. La început a avut foarte multă suținere datorită criticilor publice la adresa invaziei trupelor Pactului de la Varșovia în Prag. Reacția din anul 1968 a creat imaginea unul ider politic disident în cadrul statelor satelit, ceea ce generat ascensiunea politica și economică a României în raport cu statele Vestice. Cu toate acestea, în timp, el a devenit mai autoritar — el a cerut control total și eliminat din structurile de partid orice voce opozantă ideilor lui. Sub conducerea  familiei Ceauşescu, viaţa a devenit foarte dificilă pentru cetăţenii români. Au existat lipsuri grave de hrană și energie, iar oamenii nu aveau aproape nici libertatea de exprimare și nu beneficiau de drepturile fundamentale ale omului. O forță de poliție secretă puternică numită Securitate a spionat cetățenii, creând o atmosferă de frică și neîncredere. Ceauşescu a forţat dezvoltarea ţării în proiecte uriaşe de construcţii, precum Palatul Parlamentului din Bucureşti —, una dintre cele mai mari clădiri guvernamentale din lume. Aceste proiecte au costat miliarde de euro, iar singura lor menire a fost de expune puterea autorității comunismului, în timp ce majoritatea oamenilor trăiau în lipsuri și greutăți. Astăzi, Ceauşescu este amintit ca unul dintre cei mai represivi şi controlatori dictatori din Europa de Est"
lblNicolaeQ,Who was Nicolae Ceaușescu?,Cine a fost Nicolae Ceaușescu? 
lblNicolaeAns,Leader of communist Romania from 1965-1989 who is remembered as one of Eastern Europe’s most repressive and controlling dictators.,Nicolae Ceaușescu a fost liderul României comuniste în perioada 1965-1989 și a rămas în istorie ca unul dintre cei mai represivi dictatori din Estul Europei. 
lblElenaAnsPolLong,"Elena Ceaușescu was the wife of Nicolae Ceaușescu. Over time, she became one of the most powerful people in the country, even though she had little education and no real qualifications. Despite this, she was given high-ranking government positions, including Deputy Prime Minister and head of several scientific institutions. She was also president of Scientific Council of the Central Institute of Chemistry, but most of her academic titles and awards were fake or exaggerated. Her power came mainly from her close relationship with Nicolae as his “direct correspondent,” she used it to promote herself and control others. Elena was known for being arrogant, strict, and deeply disliked by many Romanians. She was heavily involved in government decisions and is believed to have helped create the harsh policies that led to poverty, fear, and repression during the 1980s.","Elena Ceauşescu a fost soţia lui Nicolae Ceauşescu. De-a lungul timpului, ea a devenit una dintre cele mai puternice persoane din țară, chiar dacă educația ei a fost deficitară și nu a avut nicio calificare reală. În ciuda acestui fapt, I s-au acordat funcții de conducere de rang înalt, inclusiv Viceprim-ministru și șef al mai multor instituții științifice. Ea a fost, de asemenea, președintele Consiliului Științific al Institutului Central de Chimie, dar majoritatea titlurilor și premiilor sale academice au fost false sau exagerate. Puterea ei a venit în principal din statutul marirtal pe care îl avea cu Nicolae, ca corespondent direct, ea s-a folosit de acest aspect pentru a se promova și a obține controlul. Elena era cunoscută pentru că era arogantă, strictă şi foarte neplăcută de mulţi  colaboratori și chiar de cetățeni. Ea a fost puternic implicată în deciziile guvernului și se crede că a ajutat la crearea politicilor dure care au dus la sărăcie, frică și represiunea din anii 1980."
lblElenaQ,Who was Elena Ceaușescu?,Cine a fost Elena Ceaușescu?
lblElenaAns,"Wife of Nicolae Ceaușescu and one of the most powerful people in the country, even though she had little education and no real qualifications.","Elena Ceauşescu a fost soţia lui Nicolae Ceauşescu. De-a lungul timpului, ea a devenit una dintre cele mai puternice persoane din țară, chiar dacă educația ei a fost deficitară și nu a avut nicio calificare reală."
lblGheorgheAnsPolLong,"Gheorghe Gheorghiu-Dej was a senior member of the Communist Party but was displeased with Pauker's loose understanding of Stalinism and would become the prime minister of Romania in 1952. During his time, he tightened his grip on Romania due to his strict following of Marxism. He sought to distance Romania from the USSR after a high ranking Soviet Officer denounced the crimes Stalin had committed. Gheorghiu-Dej was General Secretary of Romania's Communist Party from 1952 until his death in 1965.","Gheorghe Gheorghiu-Dej a fost membru senior al Partidului Comunist, care a profitat de perspectiva Anei Pauker asupra  stalinismului pentru a o elimina și a devenit  prim-ministru al României în 1952. În timpul său, el și-a întărit controlul asupra României datorită respectării stricte a politicilor marxist-leninst-staliniste. El a încercat să destalinizeze România de URSS, după  după ce apariția tezelor Congreului XX condus de Nikita Sergheevici Hruşciov, conducător sovietic de rang înalt, care a denunțat oficial crimele comise de Stalin. Gheorghiu-Dej a fost Secretar General al Partidului Comunist Român din 1952 până la moartea sa în 1965."
lblGheorgheQ,Who was Gheorghe Gheorghiu-Dej?,Cine a fost Gheorghe Gheorghiu Dej?
lblGheorgheAns,General Secretary of Romania's Communist Party from 1952 until his death in 1965., Gheorghiu-Dej a fost Secretar General al Partidului Comunist Român din 1952 până la moartea sa în 1965.
lblMarxismAnsPolLong,"Marxism is a way of thinking about society, economics, and politics that was created by Karl Marx. It is the idea that society is divided into two main groups: the rich (bourgeoisie) – who own businesses, land, and factories - and the working class (proletariat) – who work for the rich but don’t own much themselves. Marx believed this wasn’t fair and believed that the workers should come together, take control of the economy, and share things more equally. The goal of Marxism is to create a society where everyone is equal, and there’s no rich or poor. 
Sovietization stemmed from Marxism, as the Soviet Union attempted to put Marx’s ideas into practice by abolishing private property, redistributing wealth, and establishing a state-controlled economy in the name of equality and socialism.","Marxismul este o dogmă politică despre societate, economie și politică, care a fost creată de Karl Marx. Este ideea că societatea este împărțită în două grupuri principale: cei bogați (burghezie) – care dețin afaceri, terenuri și fabrici - și clasa muncitoare (proletariat) – care lucrează pentru cei bogați, dar care primesc prea puține beneficii raportate la munca lor. Marx a crezut că acest lucru era incorect și a crezut că muncitorii ar trebui să se unească, să preia controlul asupra economiei și să împartă lucrurile în mod egal. Scopul marxismului este de a crea o societate utopică în care toată lumea este egală, fără să mai existe discrepanțe sociale.
Sovietizarea a speculat  principiile marxismului, deoarece Uniunea Sovietică a încercat să pună în practică ideile dogmei prin abolirea proprietății private, redistribuirea bogăției și stabilirea unei economii controlate de stat în numele egalității și  a comunismului."
lblMarxismQ,What is Marxism?,Ce a fost marxismul?
lblMarxismAns,"The goal of Marxism is to create a society where everyone is equal, and there’s no rich or poor.","Scopul definitiv al marxismului este de a crea o societate egalitară, unde sunt eliminate discrepanțele sociale. "
lblPostWW2AnsPolLong,"After World War II, Romania fell under heavy Soviet influence. Under Gheorghe Gherogiu-Dej, the country underwent a process of ""Sovietization,"" which promoted Stalinist policies such as collectivization of agriculture and repression of any anti-ideology actions. 
However, in the 1960s, after the death of Joseph Stalin and the subsequent de-Stalinization under Khrushchev, Romania began to distance itself from the USSR’s direct control. While still maintaining a Marxist-Leninist political structure, Gheorgiu-Dej emphasized national sovereignty and pursued a more independent foreign policy. Romania improved its relations with neighboring socialist countries such as Bulgaria and Yugoslavia, and advocated for denuclearization and greater autonomy within the Eastern Bloc.","După cel de-al Doilea Război Mondial, România a căzut sub o puternică influenţă sovietică. Sub Gheorghe Gherogiu-Dej, țara a trecut printr-un proces de sovietizare care a promovat politici staliniste precum colectivizarea agriculturii și reprimarea oricăror acțiuni anti-ideologice. 
Cu toate acestea, în anii 1960, după moartea lui Iosif Stalin și după destalinizarea ulterioară sub Hrușciov, România a început să se distanțeze de controlul direct Uniunii Sovietice. În timp ce România încă păstra o structură politică marxist-leninistă, Gheorgiu-Dej a subliniat suveranitatea națională și a urmărit o politică externă mai independentă. România şi-a îmbunătăţit relaţiile cu ţările socialiste vecine, cum ar fi Bulgaria şi Iugoslavia, şi a pledat pentru denuclearizare şi o mai mare autonomie în cadrul Blocului Estic."
lblPostWW2Q,What was post WWII Romania like?,Cum arăta România la finalul celui de-Al Doilea Război Mondial?
lblPostWW2Ans,"Romania underwent a process of ""Sovietization,"" which promoted Stalinist policies such as collectivization of agriculture and repression of any anti-ideology actions.",Țara a trecut printr-un proces de sovietizare care a promovat politici staliniste precum colectivizarea agriculturii și reprimarea oricăror acțiuni anti-ideologice.
year5,1990,1990
year4,1980,1980
year3,1970,1970
year2,1960,1960
year1,1950,1950
year0,1940,1940
lblTitle,Echoes of the Past,Ecourile trecutului
lblSubtitle,Uncovering Stories of Romanian Communism,Istoria comunismului românesc - narațiuni individuale
lblFoodTN,"""I had a banana with me at school, and I had classmates who lived in orphanages - some of them had bananas, some did not, those asked me to give them the peel [so they could] taste the fruit"" - Museum Curator","""Am avut o banană cu mine la școală, și aveam colegi care locuiau în orfelinate - unii dintre ei aveau banane, unii nu, aceia mi-au cerut să le dau coaja [astfel încât să poată] gusta fructul"" - Curator muzeu."
lblUniformTN,"""I know that the shoes that we've had, they were of very poor quality. We call them ""dragasani""...they were so bad that if you wore them two or three time, they would fall apart."" - Museum Curator","""Știu că pantofii pe care i-am avut au fost de o calitate foarte slabă. Noi îi numeam ""drăgășani"". Erau atât de prost făcuți, dacă îi purtai mai mult de două sau trei ori se desfăceau."" - Curator Muzeu"
lblNecessitiesTN,"""Then we had one type of soaps, maximum two types of soap, today we have a multitude of soaps… Life has changed radically..and the abundance of products we have in all the shops."" - History Teacher","""Atunci foloseam un singur tip de săpun, pe piață erau maxim două tipuri, iar astăzi avem o multitudine de săpunuri. Viața s-a schimbat radical, la fel și abundența de produse pe care le avem în toate magazinele."" - Istoric Profesor."
lblNeighborhoodTN,"""Many buildings, hundreds were cracked, so their structure was compromised, and they could collapse in the case of another earthquake."" - Activist","""Multe clădiri, sute, au fost avariate, așa că structura lor era compromisă și s-ar putea prăbuși în cazul unui alt cutremur”. - Activist"
lblHandwritingTN,"""Writing for me was a subject of coping, but also a little strain."" - Journalist","""Scrisul pentru mine a fost un mecanism de supraviețuire, dar mereu sub un puternic sentiment de încordare”. Jurnalist"
lblFreetimeTN,"""Routine that distracts you from the problems that the system brings you."" - Activist","""Rutina care îți distrage atenția de la problemele pe care ți le aduce sistemul.” - Activist"
lblCarsTN,"It was a great achievement as a common Romanian, not those from the Communist Party, to get a car. So after a few years of waiting, we got our own car, Romanian car, Dacia 1300."" - Museum Director","Era o mare realizare ca român de rând, nemembru de Partidul Comunist, să obţii o maşină. Aşa că după câţiva ani de aşteptare, ne-am luat maşina proprie, maşina românească, Dacia 1300."" - Director Muzeu"
lblMediaTN,"""So, we didn't have TV all day long. It was only for two hours during the evening when the whole program was only about Ceaușescu. It was nothing else."" - Museum Director","""Noi nu aveam program TV toată ziua. Erau doar două ore seara, când tot programul era doar despre Ceauşescu. Nu era altceva."" - Director de muzeu"
lblClassesTN,"""The regime stopped the evolution of society and the people, from creative, artistic, and spiritual position. In Romanian spiritual means soul, thoughts, personal life, has the connotation of religion as well."" -  AFDPR Member","""Regimul a oprit evoluția societății și a oamenilor, din perspectivă creativă, artistică și spirituală. Spiritualitatea românească este definitvă prin creativitate, gânduri, viaţă personală și are și o rădăcină de religiozitate."" - Membru AFDPR
"
lblThenAndNowTitle,What do you have now that you would not have under Ceaușescu's regime?,Ce avem acum și nu aveam sub regimul Ceaușescu? 
lblUniformTNPolLong,"If communism came back, you wouldn't be able to express your individuality through clothing at school, as all students were required to wear standard uniforms.","Dacă comunismul s-ar întoarce, nu v-ați putea exprima individualitatea prin îmbrăcăminte la școală, deoarece toți elevii ar trebui să poarte uniforme standard."
tableLayoutUniformTNDPTitle,School Uniforms,Uniformele școlare
lblNecessitiesTNPolLong,"If communism came back, you wouldn't be able to walk into a store and find things like shampoo, soap, or toilet paper. There weren't enough good-quality products produced for people, so even basic things were hard to get.","Dacă comunismul s-ar întoarce, nu ai putea intra într-un magazin să cumperi lucruri banale precum şampon, săpun sau hârtie igienică. Nu erau suficiente produse de bună calitate pentru cetățeni, astfel căși  lucrurile de bază erau greu de obținut."
tableLayoutNecessitiesTNDPTitle,Basic Necessities,Strictul necesar
lblFoodTNPolLong,"If communism came back, you would not be able to get whichever food or snacks you would like at any time. Food was highly regulated, and getting enough to eat was often really hard due to the small rations. The rations consisted of basic ingredients like bread, cheese, meat, butter, sugar, flour, and oil. Fresh fruits and vegetables were more difficult to get as they only came from the countryside towns.","Dacă comunismul s-ar întoarce, nu ai putea să obții orice mâncare sau gustările pe care le dorești în orice moment. Mâncarea era raționalizată, și a avea destulă mâncare era un proces foarte anevoios din cauza rațiilor mici. Rațiile se aplicau în special la alimente de bază cum ar fi pâine, brânză, carne, unt, zahăr, făină și ulei. Fructele și legumele proaspete erau mai greu de obținut, deoarece veneau doar din zonele rurale."
tableLayoutFoodTNDPTitle,Food,Mâncarea
lblNeighborhoodTNPolLong,"If communism came back, your home wouldn't be a safe place anymore. The government could move you and your family out at any time to make room for big construction projects. Whole neighborhoods were torn down to build fancy buildings for important party leaders to live in. This picture shows the descruction of the Uranus-Izvor neighborhood to make room for the Palace of Parliament.","Dacă comunismul s-ar întoarce, casa ta nu ar mai fi un loc sigur. Guvernul te-ar putea muta pe tine și pe familia ta în orice moment pentru a face loc unor proiecte mari de construcție. Cartiere întregi au fost dărâmate pentru a construi clădiri fanteziste în care să locuiască lideri importanți de partid. Aceasta nu este o metaforă, este realitatea trăită de locuitorii fostului cartier Uranus-Izvor, demolat pentru a face loc Palatului Parlamentului."
tableLayoutNeighborhoodTNDPTitle,Neighborhoods,Cartierele 
lblHandwritingTNPolLong,"If communism came back, you wouldn't be able to write and express yourself however you wanted. There were strict rules about handwriting in calligraphy, and writing was about showing literacy and ""smarts"" through writing techniques.","Dacă comunismul s-ar întoarce, nu ai putea să scrii şi să te exprimi cum ai vrea. Existau reguli stricte despre scrisul de mână în caligrafie, iar scrisul era o sarcină ideologică care demonstra că alfabetizarea și inteligența poate fi dovedită tehnici de scriere caligrafică."
tableLayoutHandwritingTNDPTitle,Handwriting,Scriul de mână
lblFreetimeTNPolLong,"If communism came back, you wouldn't get to enjoy field trips or free time the way you want anymore. Instead, for students was mandatory ""volunteer"" work and help with chores for the community, whether they liked it or not.","Dacă comunismul s-ar întoarce, nu te-ai mai bucura de călătorii în străinătate sau de timp liber așa cum îți dorești azi. Copiii de atunci trebuiau să facă muncă obligatorie ""voluntară"" și să se implice în acțiuni ideologice pentru comunitate, indiferent dacă le plăcea sau nu."
tableLayoutFreetimeTNDPTitle,Free Time Activities,Activități în timpul liber
lblCarsTNPolLong,"If communism came back, you wouldn't be able to buy any car you wanted, even if you had the money. Most families had to wait on a long list for permission. And when they finally got one, it was usually a Romanian-made Dacia 1300.","Dacă comunismul s-ar întoarce, nu ai putea cumpăra maşina pe care ţi-o doreşti, chiar dacă ai avea banii. Majoritatea familiilor trebuiau să se înscrie pe o listă lungă pentru permisiune. Și când obțineau în cele din urmă una, era de obicei Dacia 1300 fabricată în România."
tableLayoutCarsTNDPTitle,Cars,Mașinile
lblMediaTNPolLong,"If communism came back, you wouldn't be free to watch your favorite shows or movies from around the world. The government controlled everything on TV, and there were only a few short programs at certain times. Radio, newspapers, and magazines all had to support the party's ideas, often showing pictures of Ceaușescu and repeating government messages.","Dacă comunismul s-ar întoarce, nu ai fi liber să te uiți la emisiunile sau filmele tale preferate din întreaga lume. Guvernul a controlat totul la TV și au existat doar câteva programe scurte în anumite momente. Radioul, ziarele şi revistele au trebuit să susţină ideile partidului, prezentând adesea imagini cu Ceauşescu şi repetând mesaje de propagandă."
tableLayoutMediaTNDPTitle,Media and Entertainment,"Divertismentul, televiziunea și radioul"
lblClassesTNPolLong,"If communism came back, you would have no individuality and no opportunity to choose interesting electives. In the past, every classroom had a picture of Ceaușescu on the wall, and lessons were based on propaganda and what the party wanted children to learn in order to become communist citizens, which was not always in your best educational interest.","Dacă comunismul s-ar întoarce, clasa ta nu ar avea nici un fel de individualitate și nici oportunitatea de a putea opta pentru materii opționale atractive. În trecut, fiecare sală de clasă avea tabloul cu Ceauşescu pe perete, iar lecţiile se bazau pe ceea ce propaganda dorea ca copiii să înveţe, ca să devină cetăţeni comunişti, ceea ce nu era întotdeauna în interesul tău educaţional."
tableLayoutClassesTNDPTitle,Classrooms,În clasă
btnBack,Back,Înapoi
btnFeedback,Review,Opinie 
rbRecommendNo,No,Nu
rbRecommendYes,Yes,Da
lblWouldYouRecommend,Would you recommend the application to others?,Ai recomanda aplicația și altora?
rbHistorical5,A Lot,Cu siguranță
rbHistorical4,A Good Amount,Da
rbHistorical3,Somewhat,Oarecum
rbHistorical2,A Small Amount,puțin
rbHistorical1,Not at All,Deloc
lblConsent,"The information collected through this survey will assess the effectiveness of this application in conveying historical narratives, as well as engagement, ease of navigation, and user friendliness. Your participation is completely voluntary — you may choose not to participate or can stop at any time without any consequences. No names or personal identifying details will be recorded or published. ","Informațiile culese prin acest interviu evaluează eficiența aplicației în a reda narative istorice, dar și ușurința de a naviga și caracterul atrăgător al aplicației. Participarea este voluntară. Ați putea să alege să nu participați, sau ați putea să vă opriți în orice moment fără vreo consecință negativă. Nu vor fi publicate sau înregistrate nume sau date personale."
lblWhatIsYourAge,What is your age?,Ce vârstă aveți?
lblEasyNavigation,How easy was it to navigate the application?,Cât de ușor a fost să navigați prin aplicație?
rbNavigate5,Easy,ușor
rbNavigate4,Somewhat Easy,oarecum ușor
rbNavigate3,Neutral,neutru
rbNavigate2,Somewhat Difficult,oarecum dificil
rbNavigate1,Difficult,dificil
lblHistoricalNarratives,Did the questions help you understand historical narratives?,Întrebările v-au ajutat să înțelegeți narativele istorice?
lblFeedbackThankYou,Thank you for your feedback. Please click a button below to submit.,Mulțumim pentru feedback. Vă rugăm apăsați de butonul de jos pentru a te înscrie.
btnFeedbackClear,Clear,Șterge
btnFeedbackSubmit,Submit,Trimiteți